index,auc,epoch,stage
0,0.5298432112,0,train
1,0.5506889224,1,train
2,0.572680831,2,train
0,0.5374301672,0,test
1,0.5392300487,1,test
2,0.5393503904,2,test
