index,cost_metric,epoch,stage
0,-166.7344665527,0,train
1,-161.5891723633,1,train
2,-155.7850494385,2,train
0,-162.4547271729,0,test
1,-162.2670898438,1,test
2,-162.4635772705,2,test
