index,loss,epoch,stage
0,0.6884554029000001,0,train
1,0.6802029014000001,1,train
2,0.6675809622000001,2,train
0,0.685736835,0,test
1,0.6856820583000001,1,test
2,0.6996048093,2,test
