index,precision,epoch,stage
0,0.5147611499,0,train
1,0.5248500109,1,train
2,0.5370875001000001,2,train
0,0.5257499814000001,0,test
1,0.5267999768,1,test
2,0.5269500017000001,2,test
