index,precision_at_recall,epoch,stage
0,0.512809217,0,train
1,0.5183035135,1,train
2,0.526888907,2,train
0,0.5110378861,0,test
1,0.5116794109,1,test
2,0.5118806362,2,test
