{"loss":0.469188869,"binary_accuracy":0.8234000206}