{"loss":1.6433016062,"binary_accuracy":0.8066499829,"cost_metric":-51.6763572693}