{"loss":1.6550922394,"binary_accuracy":0.8049499989,"cost_metric":-49.12084198}