{"loss":0.47317788,"binary_accuracy":0.824000001}