{"loss":1.640999794,"binary_accuracy":0.8053500056,"cost_metric":-51.3317146301}