{"loss":0.4720488787,"binary_accuracy":0.8252999783}