index,auc,epoch,stage
0,0.7837845683,0,train
1,0.8147498369,1,train
2,0.8210604787,2,train
0,0.8130018711,0,test
1,0.8290529847,1,test
2,0.833455503,2,test
