index,cost_metric,epoch,stage
0,-85.4363174438,0,train
1,-76.8430786133,1,train
2,-75.3199005127,2,train
0,-77.775177002,0,test
1,-72.8706054688,1,test
2,-71.7917556763,2,test
