index,loss,epoch,stage
0,0.5614327192,0,train
1,0.5258390903,1,train
2,0.5175290704000001,2,train
0,0.5284610391,0,test
1,0.5083950758,1,test
2,0.5038034916,2,test
