index,precision,epoch,stage
0,0.7118713856000001,0,train
1,0.7359625101,1,train
2,0.7404375076,2,train
0,0.7336999774,0,test
1,0.7483999729,1,test
2,0.7512999773,2,test
