index,binary_accuracy,epoch,stage
0,0.7486624718,0,train
1,0.8215625286,1,train
2,0.8546000123,2,train
3,0.8811500072,3,train
4,0.8981249928,4,train
0,0.8058999777,0,test
1,0.8194000125,1,test
2,0.8186500072,2,test
3,0.824450016,3,test
4,0.8273000121,4,test
