index,loss,epoch,stage
0,0.4919249117,0,train
1,0.3866153955,1,train
2,0.32762402300000004,2,train
3,0.279466629,3,train
4,0.2442456037,4,train
0,0.4066332877,0,test
1,0.39848649500000005,1,test
2,0.4169102907,2,test
3,0.4419773817,3,test
4,0.46820274,4,test
