{"loss":1.0928628445,"binary_accuracy":0.6801999807,"AUC":0.7398666739,"precision":0.7050990462,"recall":0.6194999814,"precision_at_recall":0.7392778397,"cost_metric":-76.3826980591,"sensitivity_at_sensitivity":0.82099998,"specificity_at_sensitivity":0.8230999708}