{"loss":1.0555747747,"binary_accuracy":0.6880999804,"AUC":0.74227947,"precision":0.6809697747,"recall":0.7077999711,"precision_at_recall":0.7319198251,"cost_metric":-100.8450088501,"sensitivity_at_sensitivity":0.8368999958,"specificity_at_sensitivity":0.8154000044}