{"loss":1.0714092255,"binary_accuracy":0.6808000207,"AUC":0.7391402125,"precision":0.6889632344,"recall":0.6592000127,"precision_at_recall":0.7393476367,"cost_metric":-88.8591842651,"sensitivity_at_sensitivity":0.8259999752,"specificity_at_sensitivity":0.8226000071}