index,auc,epoch,stage
0,0.5344899297,0,train
1,0.5571042895,1,train
2,0.5822776556,2,train
0,0.5361201763,0,test
1,0.5339828134,1,test
2,0.5333815217,2,test
