index,cost_metric,epoch,stage
0,-165.510559082,0,train
1,-159.8638000488,1,train
2,-152.0623321533,2,train
0,-165.2374725342,0,test
1,-165.9184417725,1,test
2,-166.0103912354,2,test
