index,loss,epoch,stage
0,0.6875119805000001,0,train
1,0.6780759692,1,train
2,0.6637957096,2,train
0,0.6857314706000001,0,test
1,0.6883683801,1,test
2,0.6996820569000001,2,test
