index,recall,epoch,stage
0,0.5154749751000001,0,train
1,0.5284000039,1,train
2,0.5453249812000001,2,train
0,0.5158500075,0,test
1,0.5146999955,1,test
2,0.5141999722,2,test
