{"loss":1.5343059301,"binary_accuracy":0.7336999774,"AUC":0.793771863,"precision":0.7273788452,"recall":0.747600019,"precision_at_recall":0.8157977462,"sensitivity_at_sensitivity":0.8845000267,"specificity_at_sensitivity":0.882700026,"cost_metric":-82.6435165405}