{"loss":1.717599988,"binary_accuracy":0.7308499813,"AUC":0.7873957753,"precision":0.7468720078,"recall":0.6984000206,"precision_at_recall":0.8134138584,"sensitivity_at_sensitivity":0.8712999821,"specificity_at_sensitivity":0.8826000094,"cost_metric":-67.844543457}