{"loss":1.9028675556,"binary_accuracy":0.7275999784,"AUC":0.7804916501,"precision":0.7324346304,"recall":0.7171999812,"precision_at_recall":0.7980194688,"sensitivity_at_sensitivity":0.8738999963,"specificity_at_sensitivity":0.8715000153,"cost_metric":-75.9026489258}