{"loss":1.8794134855,"binary_accuracy":0.7386500239,"AUC":0.796356082,"precision":0.7282639742,"recall":0.7613999844,"precision_at_recall":0.8159050941,"sensitivity_at_sensitivity":0.8887000084,"specificity_at_sensitivity":0.8743000031,"cost_metric":-85.0004730225}