{"loss":1.7958852053,"binary_accuracy":0.7296500206,"AUC":0.7845776677,"precision":0.7402950525,"recall":0.7074999809,"precision_at_recall":0.8044727445,"sensitivity_at_sensitivity":0.8769000173,"specificity_at_sensitivity":0.8741000295,"cost_metric":-71.706413269}