{"loss":1.7284759283,"binary_accuracy":0.6883500218,"AUC":0.724273622,"precision":0.691393137,"recall":0.6804000139,"precision_at_recall":0.7290294766,"cost_metric":-46.2030067444,"sensitivity_at_sensitivity":0.8136000037,"specificity_at_sensitivity":0.8131999969}