{"loss":0.968894124,"binary_accuracy":0.7262499928,"AUC":0.7848855853,"precision":0.7195535898,"recall":0.74150002,"precision_at_recall":0.7936333418,"cost_metric":-43.5869140625,"sensitivity_at_sensitivity":0.8704000115,"specificity_at_sensitivity":0.8683999777}