{"loss":0.8626260757,"binary_accuracy":0.7259500027,"AUC":0.7905805111,"precision":0.7230283022,"recall":0.7325000167,"precision_at_recall":0.8003835678,"cost_metric":-41.97631073,"sensitivity_at_sensitivity":0.8766000271,"specificity_at_sensitivity":0.8751000166}