{"loss":0.9161574244,"binary_accuracy":0.7373999953,"AUC":0.7981423736,"precision":0.7261382937,"recall":0.7623000145,"precision_at_recall":0.8193995953,"cost_metric":-43.2869682312,"sensitivity_at_sensitivity":0.8790000081,"specificity_at_sensitivity":0.888100028}