index,auc,epoch,stage
0,0.75891608,0,train
1,0.7901753783000001,1,train
2,0.8004862666,2,train
0,0.7947451472,0,test
1,0.8038842678,1,test
2,0.808291316,2,test
