index,binary_accuracy,epoch,stage
0,0.6892187595,0,train
1,0.7138187289,1,train
2,0.7222499847,2,train
0,0.7186999917,0,test
1,0.7245500088,1,test
2,0.7275500298,2,test
