index,cost_metric,epoch,stage
0,-93.4367218018,0,train
1,-84.5210876465,1,train
2,-81.518447876,2,train
0,-82.7801437378,0,test
1,-80.7645187378,1,test
2,-79.8851623535,2,test
