index,loss,epoch,stage
0,0.5832034349,0,train
1,0.5520873666,1,train
2,0.5409147739,2,train
0,0.5493365526,0,test
1,0.5381057858,1,test
2,0.532440424,2,test
