index,specificity_at_sensitivity,epoch,stage
0,0.8344125152,0,train
1,0.8696374893000001,1,train
2,0.8814374804,2,train
0,0.8787999749000001,0,test
1,0.8854500055000001,1,test
2,0.8880500197000001,2,test
