index,auc,epoch,stage
0,0.7937473059,0,train
1,0.8395399451000001,1,train
2,0.8533967733000001,2,train
0,0.8404492140000001,0,test
1,0.8606064320000001,1,test
2,0.8678688407,2,test
