index,cost_metric,epoch,stage
0,-82.1525115967,0,train
1,-68.7492599487,1,train
2,-64.4296646118,2,train
0,-66.9850082397,0,test
1,-63.5413627625,1,test
2,-61.0333518982,2,test
