index,loss,epoch,stage
0,0.5515530109,0,train
1,0.4952405393,1,train
2,0.4757232368,2,train
0,0.4960430562,0,test
1,0.4686756432,1,test
2,0.454518199,2,test
