index,precision_at_recall,epoch,stage
0,0.8034385443000001,0,train
1,0.8606550097000001,1,train
2,0.8756366968,2,train
0,0.861636281,0,test
1,0.8895915747,1,test
2,0.8988410830000001,2,test
