index,recall,epoch,stage
0,0.7214875221,0,train
1,0.7600374818000001,1,train
2,0.7732124925,2,train
0,0.7659999728,0,test
1,0.7764000297,1,test
2,0.7839499712,2,test
