index,binary_accuracy,epoch,stage
0,0.7461500168,0,train
1,0.8206999898,1,train
2,0.8555625081,2,train
3,0.8799750209,3,train
4,0.8974750042,4,train
0,0.8043000102000001,0,test
1,0.8173499703,1,test
2,0.8170499802000001,2,test
3,0.8249499798000001,3,test
4,0.8245499730000001,4,test
