index,loss,epoch,stage
0,0.4961289465,0,train
1,0.38826739790000003,1,train
2,0.3279017806,2,train
3,0.2810937464,3,train
4,0.24654187260000002,4,train
0,0.41378208990000004,0,test
1,0.3971682191,1,test
2,0.4160079956,2,test
3,0.44116690750000004,3,test
4,0.4660531878,4,test
