{"loss":0.9923756719,"binary_accuracy":0.5167250037,"AUC":0.5283769369,"precision":0.5167174935,"recall":0.5169500113,"precision_at_recall":0.5085291266,"cost_metric":-168.8433685303,"sensitivity_at_sensitivity":0.1098499969,"specificity_at_sensitivity":0.1093500033}