{"loss":0.5123767853,"binary_accuracy":0.7610999942,"AUC":0.8394052982,"precision":0.7610999942,"recall":0.7610999942,"precision_at_recall":0.8608071208,"cost_metric":-69.5579528809,"sensitivity_at_sensitivity":0.9186000228,"specificity_at_sensitivity":0.9186000228}