index,binary_accuracy,epoch,stage
0,0.7445124984,0,train
1,0.8205875158,1,train
2,0.8564375043,2,train
3,0.8805624843000001,3,train
4,0.8975499868000001,4,train
0,0.8083500266,0,test
1,0.8177000284,1,test
2,0.8192999959,2,test
3,0.8219500184,3,test
4,0.8234500289000001,4,test
