index,loss,epoch,stage
0,0.49521303180000004,0,train
1,0.3852918148,1,train
2,0.32676696780000003,2,train
3,0.2789478302,3,train
4,0.2457786649,4,train
0,0.4090644121,0,test
1,0.3982594311,1,test
2,0.4221394062,2,test
3,0.4479534626,3,test
4,0.4719617069,4,test
