index,auc,epoch,stage
0,0.6307461262,0,train
1,0.6728656888,1,train
2,0.7008503079,2,train
0,0.6634463072,0,test
1,0.6663366556,1,test
2,0.6492714882,2,test
