index,cost_metric,epoch,stage
0,-134.3416748047,0,train
1,-123.1445846558,1,train
2,-115.903755188,2,train
0,-125.2569961548,0,test
1,-124.9862442017,1,test
2,-130.3784332275,2,test
