index,loss,epoch,stage
0,0.661750257,0,train
1,0.6378304362,1,train
2,0.6176332235,2,train
0,0.6440749764,0,test
1,0.6423546672,1,test
2,0.6544581056000001,2,test
