index,recall,epoch,stage
0,0.5848500133,0,train
1,0.6118624806,1,train
2,0.6298000216,2,train
0,0.6071500182,0,test
1,0.6079000235,1,test
2,0.5959500074,2,test
